code,update_time,last_price,open_price,high_price,low_price,prev_close_price,volume,turnover,turnover_rate,suspension,listing_date,lot_size,price_spread,stock_owner,ask_price,bid_price,ask_vol,bid_vol,enable_margin,mortgage_ratio,long_margin_initial_ratio,enable_short_sell,short_sell_rate,short_available_volume,short_margin_initial_ratio,amplitude,avg_price,bid_ask_ratio,volume_ratio,highest52weeks_price,lowest52weeks_price,highest_history_price,lowest_history_price,close_price_5min,after_volume,after_turnover,sec_status,equity_valid,issued_shares,total_market_val,net_asset,net_profit,earning_per_share,outstanding_shares,circular_market_val,net_asset_per_share,ey_ratio,pe_ratio,pb_ratio,pe_ttm_ratio,dividend_ttm,dividend_ratio_ttm,dividend_lfy,dividend_lfy_ratio,wrt_valid,wrt_conversion_ratio,wrt_type,wrt_strike_price,wrt_maturity_date,wrt_end_trade,wrt_recovery_price,wrt_street_vol,wrt_issue_vol,wrt_street_ratio,wrt_delta,wrt_implied_volatility,wrt_premium,wrt_leverage,wrt_ipop,wrt_break_even_point,wrt_conversion_price,wrt_price_recovery_ratio,wrt_score,wrt_upper_strike_price,wrt_lower_strike_price,wrt_inline_price_status,wrt_issuer_code,option_valid,option_type,strike_time,option_strike_price,option_contract_size,option_open_interest,option_implied_volatility,option_premium,option_delta,option_gamma,option_vega,option_theta,option_rho,option_net_open_interest,option_expiry_date_distance,option_contract_nominal_value,option_owner_lot_multiplier,option_area_type,option_contract_multiplier,index_valid,index_raise_count,index_fall_count,index_equal_count,plate_valid,plate_raise_count,plate_fall_count,plate_equal_count,future_valid,future_last_settle_price,future_position,future_position_change,future_main_contract,future_last_trade_time,trust_valid,trust_dividend_yield,trust_aum,trust_outstanding_units,trust_netAssetValue,trust_premium,trust_assetClass,pre_price,pre_high_price,pre_low_price,pre_volume,pre_turnover,pre_change_val,pre_change_rate,pre_amplitude,after_price,after_high_price,after_low_price,after_change_val,after_change_rate,after_amplitude
HK.00027,2021-03-05 16:08:55,73.55,71.05,74.4,70.55,73.4,17654674,1292625774.0,0.406,False,1991-10-07,1000,0.05,,N/A,N/A,N/A,N/A,False,,,True,6.0407,30000.0,60.0,5.245,73.217,7.905,1.012,80.3,36.55,80.3,-4.68,73.85,0,0.0,NORMAL,True,4350106651,319950344181.05,67422302983.849,-3971647372.363,-0.913,4350106651,319950344181.05,15.499,-0.058,-80.558,4.745,-80.558,0.449,0.61,0.0,0.0,False,,,,,,,,,,,,,,,,,,,,,,,False,,,,,,,,,,,,,,,,,,,False,,,,False,,,,False,,,,,,False,,,,,,,N/A,N/A,N/A,N/A,N/A,N/A,N/A,N/A,N/A,N/A,N/A,N/A,N/A,N/A
HK.00175,2021-03-05 16:08:56,24.35,23.75,25.05,23.1,24.65,77628222,1880831518.0,0.791,False,1973-02-23,1000,0.05,,N/A,N/A,N/A,N/A,False,,,True,0.9686,1328000.0,60.0,7.911,24.228,12.474,1.12,36.45,9.75,71.904,-1.172,24.45,0,0.0,NORMAL,True,9818701540,239085382499.0,67670491013.68,9013568013.72,0.918,9818701540,239085382499.0,6.892,0.104,26.525,3.533,33.679,0.235,0.97,0.235,0.965,False,,,,,,,,,,,,,,,,,,,,,,,False,,,,,,,,,,,,,,,,,,,False,,,,False,,,,False,,,,,,False,,,,,,,N/A,N/A,N/A,N/A,N/A,N/A,N/A,N/A,N/A,N/A,N/A,N/A,N/A,N/A
HK.00241,2021-03-05 16:08:53,24.35,25.0,25.15,23.7,26.5,63847501,1562619074.0,0.474,False,1972-07-06,2000,0.05,,N/A,N/A,N/A,N/A,False,,,False,,,,5.472,24.474,18.816,1.418,30.15,10.8,30.15,0.068,24.35,0,0.0,NORMAL,True,13455854792,327650064185.2,17021656311.88,-13455854.792,-0.001,13455854792,327650064185.2,1.265,0.018,-24350.0,19.249,1014.583,0.0,0.0,0.0,0.0,False,,,,,,,,,,,,,,,,,,,,,,,False,,,,,,,,,,,,,,,,,,,False,,,,False,,,,False,,,,,,False,,,,,,,N/A,N/A,N/A,N/A,N/A,N/A,N/A,N/A,N/A,N/A,N/A,N/A,N/A,N/A
HK.00268,2021-03-05 16:08:56,26.3,24.2,27.1,23.9,25.5,27612674,715657264.0,0.796,False,2005-07-20,1000,0.05,,N/A,N/A,N/A,N/A,False,,,True,1.0265,217000.0,60.0,12.549,25.917,-27.718,0.783,39.5,8.098,39.5,0.0516348,26.4,0,0.0,NORMAL,True,3468762571,91228455617.3,6462304669.773,412782745.949,0.119,3468762571,91228455617.3,1.863,0.005,221.008,14.117,2390.909,0.012,0.05,0.012,0.045,False,,,,,,,,,,,,,,,,,,,,,,,False,,,,,,,,,,,,,,,,,,,False,,,,False,,,,False,,,,,,False,,,,,,,N/A,N/A,N/A,N/A,N/A,N/A,N/A,N/A,N/A,N/A,N/A,N/A,N/A,N/A
HK.00285,2021-03-05 16:08:56,42.95,42.0,43.8,40.1,43.0,8385004,355929220.0,0.372,False,2007-12-20,500,0.05,,N/A,N/A,N/A,N/A,False,,,True,1.0401,224000.0,60.0,8.605,42.448,-19.73,0.822,63.1,10.32223,63.1,0.61979,42.8,0,0.0,NORMAL,True,2253204500,96775133275.0,21707372153.0,1748486692.0,0.776,2253204500,96775133275.0,9.634,0.178,55.347,4.458,24.927,0.078,0.18,0.078,0.181,False,,,,,,,,,,,,,,,,,,,,,,,False,,,,,,,,,,,,,,,,,,,False,,,,False,,,,False,,,,,,False,,,,,,,N/A,N/A,N/A,N/A,N/A,N/A,N/A,N/A,N/A,N/A,N/A,N/A,N/A,N/A
HK.00288,2021-03-05 16:08:56,7.0,6.93,7.06,6.73,7.02,49963539,346884385.0,0.339,False,2014-08-05,500,0.01,,N/A,N/A,N/A,N/A,False,,,True,1.0549,320000.0,60.0,4.701,6.942,-20.643,0.993,7.755,5.605,9.435,2.52,7.01,0,0.0,NORMAL,True,14745520786,103218645502.0,70070714775.072,11354051005.22,0.77,14745520786,103218645502.0,4.752,0.134,9.09,1.473,10.971,0.315,4.5,0.315,4.5,False,,,,,,,,,,,,,,,,,,,,,,,False,,,,,,,,,,,,,,,,,,,False,,,,False,,,,False,,,,,,False,,,,,,,N/A,N/A,N/A,N/A,N/A,N/A,N/A,N/A,N/A,N/A,N/A,N/A,N/A,N/A
HK.00341,2021-03-05 16:08:53,17.2,16.8,17.2,16.74,16.9,993878,16894163.0,0.17,False,1986-07-16,2000,0.02,,N/A,N/A,N/A,N/A,False,,,True,1.154,26000.0,60.0,2.722,16.998,-24.638,0.874,18.3,12.5,25.96,-11.1735,17.14,0,0.0,NORMAL,True,585704033,10074109367.6,2828950479.39,73798708.158,0.126,585704033,10074109367.6,4.83,0.03,136.507,3.561,117.006,0.1,0.58,0.19,1.104,False,,,,,,,,,,,,,,,,,,,,,,,False,,,,,,,,,,,,,,,,,,,False,,,,False,,,,False,,,,,,False,,,,,,,N/A,N/A,N/A,N/A,N/A,N/A,N/A,N/A,N/A,N/A,N/A,N/A,N/A,N/A
HK.00345,2021-03-05 16:08:56,32.1,32.1,32.2,31.05,32.15,2162610,68663423.0,0.203,False,1994-03-30,2000,0.05,,N/A,N/A,N/A,N/A,False,,,True,1.1255,14000.0,60.0,3.577,31.75,28.959,0.96,36.6,22.678,46.51,-4.640666,32.1,0,0.0,NORMAL,True,1065157500,34191555750.0,3644968965.0,535774222.5,0.503,1065157500,34191555750.0,3.422,0.184,63.817,9.38,50.71,0.322,1.0,0.322,1.003,False,,,,,,,,,,,,,,,,,,,,,,,False,,,,,,,,,,,,,,,,,,,False,,,,False,,,,False,,,,,,False,,,,,,,N/A,N/A,N/A,N/A,N/A,N/A,N/A,N/A,N/A,N/A,N/A,N/A,N/A,N/A
HK.00347,2021-03-05 16:08:56,3.91,3.98,4.11,3.9,4.25,43844199,174804178.0,3.106,False,1997-07-24,2000,0.01,,N/A,N/A,N/A,N/A,False,,,True,1.0943,206000.0,60.0,4.941,3.986,40.212,0.827,4.47,1.708,28.784989,-0.0654615,3.91,0,0.0,NORMAL,True,9405250201,36774528285.91,61491525814.138,1965697292.009,0.209,1411540000,5519121400.0,6.538,0.024,18.708,0.598,24.437,0.062,1.59,0.062,1.585,False,,,,,,,,,,,,,,,,,,,,,,,False,,,,,,,,,,,,,,,,,,,False,,,,False,,,,False,,,,,,False,,,,,,,N/A,N/A,N/A,N/A,N/A,N/A,N/A,N/A,N/A,N/A,N/A,N/A,N/A,N/A
HK.00388,2021-03-05 16:08:56,479.8,473.6,488.8,465.0,483.0,9559584,4544606310.0,0.754,False,2000-06-27,100,0.2,,N/A,N/A,N/A,N/A,False,,,False,,,,4.928,475.397,21.351,0.817,587.0,202.29,587.0,-66.2,479.4,0,0.0,NORMAL,True,1267836895,608308142221.0,48918218756.68,11505619822.125,9.075,1267836895,608308142221.0,38.584,0.235,52.87,12.435,52.87,6.684,1.39,6.666,1.389,False,,,,,,,,,,,,,,,,,,,,,,,False,,,,,,,,,,,,,,,,,,,False,,,,False,,,,False,,,,,,False,,,,,,,N/A,N/A,N/A,N/A,N/A,N/A,N/A,N/A,N/A,N/A,N/A,N/A,N/A,N/A
HK.00669,2021-03-05 16:08:56,117.6,112.4,121.5,112.4,121.4,14181373,1672469648.0,0.774,False,1990-12-17,500,0.1,,N/A,N/A,N/A,N/A,False,,,False,,,,7.496,117.934,28.464,2.777,132.0,40.99,132.0,-5.88575,117.6,0,0.0,NORMAL,True,1832820441,215539683861.6,30278193685.32,6211428474.549,3.389,1832820441,215539683861.59998,16.52,0.205,34.7,7.118,34.7,1.109,0.94,1.029,0.875,False,,,,,,,,,,,,,,,,,,,,,,,False,,,,,,,,,,,,,,,,,,,False,,,,False,,,,False,,,,,,False,,,,,,,N/A,N/A,N/A,N/A,N/A,N/A,N/A,N/A,N/A,N/A,N/A,N/A,N/A,N/A
HK.00700,2021-03-05 16:08:55,679.0,668.5,695.0,667.0,690.0,27137066,18457588278.0,0.283,False,2004-06-16,100,0.5,,N/A,N/A,N/A,N/A,False,,,True,0.9155,1433100.0,60.0,4.058,680.161,41.542,1.043,775.5,324.0,775.5,-4.781,680.5,0,0.0,NORMAL,True,9594524331,6514682020749.0,675608025291.696,103006813217.616,10.736,9594524331,6514682020749.0,70.416,0.202,63.245,9.642,47.642,1.195,0.18,1.195,0.175,False,,,,,,,,,,,,,,,,,,,,,,,False,,,,,,,,,,,,,,,,,,,False,,,,False,,,,False,,,,,,False,,,,,,,N/A,N/A,N/A,N/A,N/A,N/A,N/A,N/A,N/A,N/A,N/A,N/A,N/A,N/A
HK.00772,2021-03-05 16:08:53,68.05,66.4,69.1,64.65,68.7,4926305,329744562.0,0.485,False,2017-11-08,200,0.05,,N/A,N/A,N/A,N/A,False,,,False,,,,6.477,66.935,0.441,1.643,95.75,25.95,110.0,22.95,68.3,0,0.0,NORMAL,True,1015781716,69123945773.8,18269849943.976,1214874932.336,1.196,1015781716,69123945773.8,17.986,-0.157,56.897,3.783,-23.952,0.0,0.0,0.0,0.0,False,,,,,,,,,,,,,,,,,,,,,,,False,,,,,,,,,,,,,,,,,,,False,,,,False,,,,False,,,,,,False,,,,,,,N/A,N/A,N/A,N/A,N/A,N/A,N/A,N/A,N/A,N/A,N/A,N/A,N/A,N/A
HK.00780,2021-03-05 16:08:53,15.4,16.16,16.2,15.1,16.82,21626680,337207083.0,0.987,False,2018-11-26,400,0.02,,N/A,N/A,N/A,N/A,True,40.0,70.0,False,,,,6.54,15.592,-16.667,1.61,19.2,8.74,19.98,8.74,15.28,0,0.0,NORMAL,True,2191614114,33750857355.6,16226710900.056,753915255.216,0.344,2191614114,33750857355.600002,7.404,0.021,44.767,2.079,96.855,0.0,0.0,0.0,0.0,False,,,,,,,,,,,,,,,,,,,,,,,False,,,,,,,,,,,,,,,,,,,False,,,,False,,,,False,,,,,,False,,,,,,,N/A,N/A,N/A,N/A,N/A,N/A,N/A,N/A,N/A,N/A,N/A,N/A,N/A,N/A
HK.00788,2021-03-05 16:08:56,1.23,1.16,1.24,1.15,1.17,1026497550,1239701071.0,2.2,False,2018-08-08,2000,0.01,,N/A,N/A,N/A,N/A,False,,,True,1.0352,16150000.0,60.0,7.692,1.207,14.528,1.904,1.91411,1.03,2.31148,0.97148,1.24,0,0.0,NORMAL,True,176008471024,216490419359.52,203465792503.744,5808279543.792,0.033,46663856000,57396542880.0,1.156,0.03,37.272,1.064,35.142,0.016,1.3,0.016,1.3,False,,,,,,,,,,,,,,,,,,,,,,,False,,,,,,,,,,,,,,,,,,,False,,,,False,,,,False,,,,,,False,,,,,,,N/A,N/A,N/A,N/A,N/A,N/A,N/A,N/A,N/A,N/A,N/A,N/A,N/A,N/A
HK.00883,2021-03-05 16:08:53,9.31,9.34,9.39,9.01,9.09,281304474,2590263779.0,0.63,False,2001-02-28,1000,0.01,,N/A,N/A,N/A,N/A,False,,,True,0.9533,4593000.0,60.0,4.18,9.208,-59.282,0.961,10.6,5.59,15.88,-6.646,9.31,0,0.0,NORMAL,True,44647455984,415667815211.04,494917049582.64,66881889064.032,1.498,44647455984,415667815211.04004,11.085,0.09,6.214,0.839,9.319,0.65,6.98,0.78,8.378,False,,,,,,,,,,,,,,,,,,,,,,,False,,,,,,,,,,,,,,,,,,,False,,,,False,,,,False,,,,,,False,,,,,,,N/A,N/A,N/A,N/A,N/A,N/A,N/A,N/A,N/A,N/A,N/A,N/A,N/A,N/A
HK.00914,2021-03-05 16:08:53,49.7,50.5,50.5,48.9,50.75,11744818,580989013.0,0.904,False,1997-10-21,500,0.05,,N/A,N/A,N/A,N/A,False,,,True,1.0212,140000.0,60.0,3.153,49.467,3.017,1.098,62.05,42.46547,62.05,-9.2222846,49.7,0,0.0,NORMAL,True,5299302579,263375338176.3,175300929313.32,36734765477.628,6.932,1299600000,64590120000.0,33.08,0.215,7.169,1.502,6.971,2.179,4.38,2.179,4.384,False,,,,,,,,,,,,,,,,,,,,,,,False,,,,,,,,,,,,,,,,,,,False,,,,False,,,,False,,,,,,False,,,,,,,N/A,N/A,N/A,N/A,N/A,N/A,N/A,N/A,N/A,N/A,N/A,N/A,N/A,N/A
HK.00968,2021-03-05 16:08:53,12.86,12.68,13.66,12.36,13.14,200415909,2622168307.0,2.275,False,2013-12-12,2000,0.02,,N/A,N/A,N/A,N/A,False,,,False,,,,9.893,13.083,3.006,2.01,24.8,3.55,24.8,0.2057356,12.92,0,0.0,NORMAL,True,8809257216,113287047797.76,26524673477.376,4563195237.888,0.518,8809257216,113287047797.76,3.011,0.172,24.826,4.271,24.826,0.157,1.22,0.128,0.995,False,,,,,,,,,,,,,,,,,,,,,,,False,,,,,,,,,,,,,,,,,,,False,,,,False,,,,False,,,,,,False,,,,,,,N/A,N/A,N/A,N/A,N/A,N/A,N/A,N/A,N/A,N/A,N/A,N/A,N/A,N/A
HK.00981,2021-03-05 16:08:56,26.85,26.0,27.25,25.8,27.25,94315539,2495048612.0,1.583,False,2004-03-18,500,0.05,,N/A,N/A,N/A,N/A,False,,,False,,,,5.321,26.454,-20.945,0.741,44.8,11.18,44.8,1.06,26.6,0,0.0,NORMAL,True,7896350532,212017011784.2,115302510468.264,1816160622.36,0.23,5957887532,159969280234.2,14.602,0.027,116.739,1.838,67.803,0.0,0.0,0.0,0.0,False,,,,,,,,,,,,,,,,,,,,,,,False,,,,,,,,,,,,,,,,,,,False,,,,False,,,,False,,,,,,False,,,,,,,N/A,N/A,N/A,N/A,N/A,N/A,N/A,N/A,N/A,N/A,N/A,N/A,N/A,N/A
HK.00992,2021-03-05 16:08:55,9.98,9.77,10.06,9.3,9.96,81049108,801109772.0,0.673,False,1994-02-14,2000,0.01,,N/A,N/A,N/A,N/A,False,,,True,1.0336,604000.0,60.0,7.631,9.884,-49.777,1.132,11.12,3.259,14.532,-2.949,10.0,0,0.0,NORMAL,True,12041705614,120176222027.72,30128347446.228,5153850002.792,0.428,12041705614,120176222027.72,2.502,0.247,23.317,3.988,16.148,0.28,2.81,0.277,2.775,False,,,,,,,,,,,,,,,,,,,,,,,False,,,,,,,,,,,,,,,,,,,False,,,,False,,,,False,,,,,,False,,,,,,,N/A,N/A,N/A,N/A,N/A,N/A,N/A,N/A,N/A,N/A,N/A,N/A,N/A,N/A
HK.01024,2021-03-05 16:08:53,285.0,293.2,295.0,282.0,299.6,8328260,2388649365.0,0.2,False,2021-02-05,100,0.2,,N/A,N/A,N/A,N/A,False,,,True,0.9652,367000.0,60.0,4.339,286.812,18.142,0.759,417.8,282.0,417.8,282.0,284.4,0,0.0,NORMAL,True,4158932037,1185295630545.0,-177320226329.532,-23489648144.976,-5.648,4158932037,1185295630545.0,-42.636,0.777,-50.46,0.0,-8.592,0.0,0.0,0.0,0.0,False,,,,,,,,,,,,,,,,,,,,,,,False,,,,,,,,,,,,,,,,,,,False,,,,False,,,,False,,,,,,False,,,,,,,N/A,N/A,N/A,N/A,N/A,N/A,N/A,N/A,N/A,N/A,N/A,N/A,N/A,N/A
HK.01093,2021-03-05 16:08:56,8.28,8.28,8.38,8.05,8.4,69993030,573787382.0,0.585,False,1994-06-21,2000,0.01,,N/A,N/A,N/A,N/A,False,,,True,1.081,1374000.0,60.0,3.929,8.197,-19.359,1.087,11.125,6.6916296,13.6186625,-0.8791563,8.27,0,0.0,NORMAL,True,11973769732,99142813380.96,22402923168.572,4083055478.612,0.341,11973769732,99142813380.95999,1.871,0.219,24.281,4.425,20.145,0.163,1.97,0.125,1.509,False,,,,,,,,,,,,,,,,,,,,,,,False,,,,,,,,,,,,,,,,,,,False,,,,False,,,,False,,,,,,False,,,,,,,N/A,N/A,N/A,N/A,N/A,N/A,N/A,N/A,N/A,N/A,N/A,N/A,N/A,N/A
HK.01211,2021-03-05 16:08:55,195.0,183.6,204.0,183.6,197.0,17216600,3345954788.0,1.643,False,2002-07-31,500,0.1,,N/A,N/A,N/A,N/A,False,,,True,0.9802,336000.0,60.0,10.355,194.344,-24.042,0.992,278.4,33.43427,278.4,0.555502,195.8,0,0.0,NORMAL,True,2861142855,557922856725.0,68870569662.705,1768186284.39,0.618,1048000000,204360000000.0,24.071,0.056,315.533,8.101,143.593,0.063,0.03,0.063,0.032,False,,,,,,,,,,,,,,,,,,,,,,,False,,,,,,,,,,,,,,,,,,,False,,,,False,,,,False,,,,,,False,,,,,,,N/A,N/A,N/A,N/A,N/A,N/A,N/A,N/A,N/A,N/A,N/A,N/A,N/A,N/A
HK.01299,2021-03-05 16:08:56,98.1,95.6,98.7,95.6,99.85,19693796,1920389308.0,0.163,False,2010-10-29,200,0.05,,N/A,N/A,N/A,N/A,False,,,True,0.9892,82800.0,60.0,3.105,97.512,-45.63,0.814,109.3,58.767,109.3,12.6498,97.9,0,0.0,NORMAL,True,12094944139,1186514020035.9,440231776771.322,51669601361.808,4.272,12094944139,1186514020035.9,36.398,0.096,22.963,2.695,27.814,1.283,1.31,1.265,1.289,False,,,,,,,,,,,,,,,,,,,,,,,False,,,,,,,,,,,,,,,,,,,False,,,,False,,,,False,,,,,,False,,,,,,,N/A,N/A,N/A,N/A,N/A,N/A,N/A,N/A,N/A,N/A,N/A,N/A,N/A,N/A
HK.01337,2021-03-05 16:08:55,2.34,2.33,2.43,2.21,2.42,43940132,103033750.0,0.495,False,2017-11-13,1000,0.01,,N/A,N/A,N/A,N/A,True,20.0,90.0,False,,,,9.091,2.344,32.109,1.241,3.36,0.89,5.49,0.89,2.36,0,0.0,NORMAL,True,8868972033,20753394557.22,4292582463.972,-656303930.442,-0.074,8868972033,20753394557.219997,0.484,-0.097,-31.621,4.834,-49.787,0.0,0.0,0.0,0.0,False,,,,,,,,,,,,,,,,,,,,,,,False,,,,,,,,,,,,,,,,,,,False,,,,False,,,,False,,,,,,False,,,,,,,N/A,N/A,N/A,N/A,N/A,N/A,N/A,N/A,N/A,N/A,N/A,N/A,N/A,N/A
HK.01458,2021-03-05 16:08:55,8.27,8.29,8.32,8.01,8.53,24073000,196517745.0,1.01,False,2016-11-11,500,0.01,,N/A,N/A,N/A,N/A,True,20.0,90.0,False,,,,3.634,8.163,-54.695,2.191,11.4,3.43,11.4,2.96,8.26,0,0.0,NORMAL,True,2383140500,19708571935.0,4468388437.5,445647273.5,0.187,2383140500,19708571935.0,1.875,0.033,44.224,4.41,133.387,0.11,1.33,0.11,1.33,False,,,,,,,,,,,,,,,,,,,,,,,False,,,,,,,,,,,,,,,,,,,False,,,,False,,,,False,,,,,,False,,,,,,,N/A,N/A,N/A,N/A,N/A,N/A,N/A,N/A,N/A,N/A,N/A,N/A,N/A,N/A
HK.01478,2021-03-05 16:08:55,14.24,14.0,14.56,13.62,14.56,4616000,65065050.0,0.394,False,2014-12-02,1000,0.02,,N/A,N/A,N/A,N/A,False,,,False,,,,6.456,14.095,5.517,0.727,18.2,7.61,23.054,0.725,14.24,0,0.0,NORMAL,True,1172250680,16692849683.2,3541369304.28,608398102.92,0.519,1172250680,16692849683.2,3.021,0.22,27.437,4.713,21.381,0.1,0.7,0.1,0.702,False,,,,,,,,,,,,,,,,,,,,,,,False,,,,,,,,,,,,,,,,,,,False,,,,False,,,,False,,,,,,False,,,,,,,N/A,N/A,N/A,N/A,N/A,N/A,N/A,N/A,N/A,N/A,N/A,N/A,N/A,N/A
HK.01810,2021-03-05 16:08:54,24.45,24.5,25.3,23.7,25.4,290025969,7068723943.0,1.151,False,2018-07-09,200,0.05,,N/A,N/A,N/A,N/A,False,,,True,0.9294,9585800.0,60.0,6.299,24.372,38.977,1.593,35.9,9.2,35.9,8.28,24.65,0,0.0,NORMAL,True,25201339102,616172741043.9,110986697405.208,10987783848.472,0.436,25201339102,616172741043.9,4.404,0.14,56.077,5.551,39.435,0.0,0.0,0.0,0.0,False,,,,,,,,,,,,,,,,,,,,,,,False,,,,,,,,,,,,,,,,,,,False,,,,False,,,,False,,,,,,False,,,,,,,N/A,N/A,N/A,N/A,N/A,N/A,N/A,N/A,N/A,N/A,N/A,N/A,N/A,N/A
HK.01833,2021-03-05 16:08:56,104.1,102.5,104.9,100.1,107.1,9377104,963149112.0,0.817,False,2018-05-04,100,0.1,,N/A,N/A,N/A,N/A,False,,,True,1.0573,109200.0,60.0,4.482,102.712,-33.579,1.472,148.5,56.0,148.5,23.6,104.2,0,0.0,NORMAL,True,1147294200,119433326220.0,18962478537.6,-1135821258.0,-0.99,1147294200,119433326220.0,16.528,-0.059,-105.151,6.298,-105.151,0.0,0.0,0.0,0.0,False,,,,,,,,,,,,,,,,,,,,,,,False,,,,,,,,,,,,,,,,,,,False,,,,False,,,,False,,,,,,False,,,,,,,N/A,N/A,N/A,N/A,N/A,N/A,N/A,N/A,N/A,N/A,N/A,N/A,N/A,N/A
HK.01876,2021-03-05 16:08:56,23.1,22.55,23.25,22.2,22.7,11447121,261954009.0,0.086,False,2019-09-30,100,0.05,,N/A,N/A,N/A,N/A,False,,,False,,,,4.626,22.883,1.259,1.022,29.5,17.7961,32.4461,17.7961,23.2,0,0.0,NORMAL,True,13243397000,305922470700.0,82863935029.0,3986262497.0,0.301,13243397000,305922470700.0,6.257,0.048,76.744,3.691,76.744,0.204,0.88,0.204,0.883,False,,,,,,,,,,,,,,,,,,,,,,,False,,,,,,,,,,,,,,,,,,,False,,,,False,,,,False,,,,,,False,,,,,,,N/A,N/A,N/A,N/A,N/A,N/A,N/A,N/A,N/A,N/A,N/A,N/A,N/A,N/A
HK.01913,2021-03-05 16:08:56,46.0,46.5,46.6,44.6,45.95,1363279,62714851.0,0.053,False,2011-06-24,100,0.05,,N/A,N/A,N/A,N/A,False,,,False,,,,4.353,46.002,-56.89,1.178,51.5,18.38,78.48986,16.9413,46.0,0,0.0,NORMAL,True,2558824000,117705904000.0,24851298688.0,2185235696.0,0.854,2558824000,117705904000.0,9.712,-0.034,53.864,4.736,-137.313,0.533,1.16,0.533,1.158,False,,,,,,,,,,,,,,,,,,,,,,,False,,,,,,,,,,,,,,,,,,,False,,,,False,,,,False,,,,,,False,,,,,,,N/A,N/A,N/A,N/A,N/A,N/A,N/A,N/A,N/A,N/A,N/A,N/A,N/A,N/A
HK.01928,2021-03-05 16:08:56,37.1,36.8,37.5,36.35,37.9,22107927,819913433.0,0.273,False,2009-11-30,400,0.05,,N/A,N/A,N/A,N/A,False,,,True,6.0496,62800.0,60.0,3.034,37.086,-5.935,1.419,40.0,25.15,56.2,-7.14998,37.05,0,0.0,NORMAL,True,8091176466,300182646888.6,14952494109.168,-11805026463.894,-1.459,8091176466,300182646888.60004,1.848,-0.789,-25.428,20.075,-25.428,0.99,2.67,0.0,0.0,False,,,,,,,,,,,,,,,,,,,,,,,False,,,,,,,,,,,,,,,,,,,False,,,,False,,,,False,,,,,,False,,,,,,,N/A,N/A,N/A,N/A,N/A,N/A,N/A,N/A,N/A,N/A,N/A,N/A,N/A,N/A
HK.02007,2021-03-05 16:08:56,9.29,9.49,9.49,9.18,9.39,25647863,238428963.0,0.116,False,2007-04-20,1000,0.01,,N/A,N/A,N/A,N/A,False,,,True,1.0864,380000.0,60.0,3.301,9.296,16.078,0.721,11.44,6.7542,17.4372,-1.94842,9.32,0,0.0,NORMAL,True,22035408726,204708947064.54,177539288105.382,43541967642.576,1.976,22035408726,204708947064.53998,8.057,0.235,4.701,1.153,4.892,0.603,6.49,0.619,6.663,False,,,,,,,,,,,,,,,,,,,,,,,False,,,,,,,,,,,,,,,,,,,False,,,,False,,,,False,,,,,,False,,,,,,,N/A,N/A,N/A,N/A,N/A,N/A,N/A,N/A,N/A,N/A,N/A,N/A,N/A,N/A
HK.02013,2021-03-05 16:08:56,19.68,19.02,20.4,17.82,20.45,70813908,1382873143.0,3.112,False,2019-01-15,1000,0.02,,N/A,N/A,N/A,N/A,False,,,False,,,,12.616,19.528,33.672,0.885,33.5,3.75,33.5,1.99,19.74,0,0.0,NORMAL,True,2275597427,44783757363.36,1617949770.597,345890808.904,0.152,2275597427,44783757363.36,0.711,-0.361,129.473,27.679,-76.575,0.0,0.0,0.0,0.0,False,,,,,,,,,,,,,,,,,,,,,,,False,,,,,,,,,,,,,,,,,,,False,,,,False,,,,False,,,,,,False,,,,,,,N/A,N/A,N/A,N/A,N/A,N/A,N/A,N/A,N/A,N/A,N/A,N/A,N/A,N/A
HK.02018,2021-03-05 16:08:56,42.85,40.85,42.85,40.8,43.0,10540881,444668744.0,0.872,False,2005-08-09,500,0.05,,N/A,N/A,N/A,N/A,False,,,True,1.0591,266000.0,60.0,4.767,42.185,-68.885,1.237,63.85,35.55,181.37,-8.379,42.5,0,0.0,NORMAL,True,1208500000,51784225000.0,21974155500.0,2435127500.0,2.015,1208500000,51784225000.0,18.183,0.072,21.265,2.356,32.364,0.1,0.23,0.4,0.933,False,,,,,,,,,,,,,,,,,,,,,,,False,,,,,,,,,,,,,,,,,,,False,,,,False,,,,False,,,,,,False,,,,,,,N/A,N/A,N/A,N/A,N/A,N/A,N/A,N/A,N/A,N/A,N/A,N/A,N/A,N/A
HK.02020,2021-03-05 16:08:56,121.5,116.0,124.5,114.5,119.6,8669880,1042901291.0,0.321,False,2007-07-10,1000,0.1,,N/A,N/A,N/A,N/A,False,,,True,1.0332,38000.0,60.0,8.361,120.29,-2.371,1.037,154.3,41.43,154.3,-4.99,122.0,0,0.0,NORMAL,True,2703329000,328454473500.0,23846065109.0,5836487311.0,2.159,2703329000,328454473500.0,8.821,0.213,56.276,13.773,64.49,0.57,0.47,0.67,0.551,False,,,,,,,,,,,,,,,,,,,,,,,False,,,,,,,,,,,,,,,,,,,False,,,,False,,,,False,,,,,,False,,,,,,,N/A,N/A,N/A,N/A,N/A,N/A,N/A,N/A,N/A,N/A,N/A,N/A,N/A,N/A
HK.02057,2021-03-05 16:08:56,267.0,260.6,270.4,259.0,268.0,307488,82171570.0,0.036,False,2020-09-29,50,0.2,,N/A,N/A,N/A,N/A,False,,,False,,,,4.254,267.235,66.038,2.852,299.0,205.8,299.0,205.8,267.2,0,0.0,NORMAL,True,848551115,226563147705.0,56680668828.655,6446442820.655,7.597,848551115,226563147705.0,66.797,0.107,35.145,3.997,37.347,0.0,0.0,0.0,0.0,False,,,,,,,,,,,,,,,,,,,,,,,False,,,,,,,,,,,,,,,,,,,False,,,,False,,,,False,,,,,,False,,,,,,,N/A,N/A,N/A,N/A,N/A,N/A,N/A,N/A,N/A,N/A,N/A,N/A,N/A,N/A
HK.02269,2021-03-05 16:08:56,89.5,88.0,92.3,85.1,92.0,29871669,2650326578.0,0.71,False,2017-06-13,500,0.05,,N/A,N/A,N/A,N/A,False,,,True,0.9733,240000.0,60.0,7.826,88.723,12.493,1.04,128.9,28.7830455,128.9,8.33325,89.65,0,0.0,NORMAL,True,4210148571,376808297104.5,15236527678.449,1111479222.744,0.264,4210148571,376808297104.5,3.619,0.093,339.015,24.73,263.235,0.0,0.0,0.0,0.0,False,,,,,,,,,,,,,,,,,,,,,,,False,,,,,,,,,,,,,,,,,,,False,,,,False,,,,False,,,,,,False,,,,,,,N/A,N/A,N/A,N/A,N/A,N/A,N/A,N/A,N/A,N/A,N/A,N/A,N/A,N/A
HK.02318,2021-03-05 16:08:56,96.65,96.6,97.3,95.3,97.6,37676675,3640811156.0,0.506,False,2004-06-24,500,0.05,,N/A,N/A,N/A,N/A,False,,,False,,,,2.049,96.633,1.178,1.066,103.6,66.68126,103.6,-6.79759,96.7,0,0.0,NORMAL,True,18280241410,1766785332276.5,914048630982.82,171523505150.03,9.383,7447576912,719808308544.8,50.002,0.187,10.3,1.932,10.3,2.319,2.4,2.26,2.338,False,,,,,,,,,,,,,,,,,,,,,,,False,,,,,,,,,,,,,,,,,,,False,,,,False,,,,False,,,,,,False,,,,,,,N/A,N/A,N/A,N/A,N/A,N/A,N/A,N/A,N/A,N/A,N/A,N/A,N/A,N/A
HK.02331,2021-03-05 16:08:56,44.2,40.35,45.45,40.35,43.7,25318939,1097620340.0,1.017,False,2004-06-28,500,0.05,,N/A,N/A,N/A,N/A,False,,,True,6.0341,72000.0,60.0,11.67,43.351,-6.833,1.843,57.6,14.6297,57.6,0.401376,44.35,0,0.0,NORMAL,True,2489140929,110020029061.8,8470546581.387,1650300435.927,0.663,2489140929,110020029061.8,3.403,0.18,66.666,12.988,72.104,0.169,0.38,0.169,0.382,False,,,,,,,,,,,,,,,,,,,,,,,False,,,,,,,,,,,,,,,,,,,False,,,,False,,,,False,,,,,,False,,,,,,,N/A,N/A,N/A,N/A,N/A,N/A,N/A,N/A,N/A,N/A,N/A,N/A,N/A,N/A
HK.02382,2021-03-05 16:08:56,188.6,185.0,191.8,182.1,190.6,6042571,1136841827.0,0.551,False,2007-06-15,100,0.1,,N/A,N/A,N/A,N/A,False,,,True,1.0135,57600.0,60.0,5.089,188.138,-2.717,0.98,241.8,89.19,241.8,-3.05238,188.7,0,0.0,NORMAL,True,1096849700,206865853420.0,15080586525.3,4424691689.8,4.034,1096849700,206865853420.0,13.749,0.316,46.752,13.717,43.286,0.81,0.43,0.81,0.429,False,,,,,,,,,,,,,,,,,,,,,,,False,,,,,,,,,,,,,,,,,,,False,,,,False,,,,False,,,,,,False,,,,,,,N/A,N/A,N/A,N/A,N/A,N/A,N/A,N/A,N/A,N/A,N/A,N/A,N/A,N/A
HK.02888,2021-03-05 16:08:54,51.7,51.6,51.95,50.5,53.05,1003261,51454999.0,0.032,False,2002-10-31,50,0.05,,N/A,N/A,N/A,N/A,False,,,True,1.0481,19000.0,60.0,2.733,51.287,23.481,0.551,55.10209,32.60209,173.86747,23.889995,51.6,0,0.0,NORMAL,True,3154665134,163096187427.8,356010269702.168,5618458603.654,1.781,3154665134,163096187427.80002,112.852,0.015,29.028,0.458,29.028,0.698,1.35,0.698,1.35,False,,,,,,,,,,,,,,,,,,,,,,,False,,,,,,,,,,,,,,,,,,,False,,,,False,,,,False,,,,,,False,,,,,,,N/A,N/A,N/A,N/A,N/A,N/A,N/A,N/A,N/A,N/A,N/A,N/A,N/A,N/A
HK.02899,2021-03-05 16:08:54,10.42,10.12,10.7,9.68,10.72,205199767,2078624398.0,3.577,False,2003-12-23,2000,0.02,,N/A,N/A,N/A,N/A,False,,,True,1.0146,1220000.0,60.0,9.515,10.129,21.822,1.345,16.24,2.19049,16.24,-1.03888,10.42,0,0.0,NORMAL,True,25473240546,265431166489.32,60626312499.48,4687076260.464,0.184,5736940000,59778914800.0,2.38,0.107,56.63,4.378,40.862,0.109,1.05,0.109,1.046,False,,,,,,,,,,,,,,,,,,,,,,,False,,,,,,,,,,,,,,,,,,,False,,,,False,,,,False,,,,,,False,,,,,,,N/A,N/A,N/A,N/A,N/A,N/A,N/A,N/A,N/A,N/A,N/A,N/A,N/A,N/A
HK.03690,2021-03-05 16:08:54,337.0,325.0,345.6,321.4,340.0,34290648,11432192294.0,0.582,False,2018-09-20,100,0.2,,N/A,N/A,N/A,N/A,False,,,True,0.929,1702500.0,60.0,7.118,333.39,20.846,1.066,460.0,70.1,460.0,40.25,337.2,0,0.0,NORMAL,True,5888446882,1984406599234.0,118705200694.238,2461370796.676,0.418,5888446882,1984406599234.0,20.159,0.082,806.22,16.717,203.748,0.0,0.0,0.0,0.0,False,,,,,,,,,,,,,,,,,,,,,,,False,,,,,,,,,,,,,,,,,,,False,,,,False,,,,False,,,,,,False,,,,,,,N/A,N/A,N/A,N/A,N/A,N/A,N/A,N/A,N/A,N/A,N/A,N/A,N/A,N/A
HK.03800,2021-03-05 16:08:54,2.88,2.78,3.04,2.65,2.96,788388728,2264069505.0,3.146,False,2007-11-13,1000,0.01,,N/A,N/A,N/A,N/A,False,,,False,,,,13.176,2.871,23.436,0.744,3.88,0.21,4.8356376,0.21,2.89,0,0.0,NORMAL,True,25061543580,72177245510.4,23081681637.18,-225553892.22,-0.009,25061543580,72177245510.4,0.921,-0.057,-320.0,3.127,-54.339,0.0,0.0,0.0,0.0,False,,,,,,,,,,,,,,,,,,,,,,,False,,,,,,,,,,,,,,,,,,,False,,,,False,,,,False,,,,,,False,,,,,,,N/A,N/A,N/A,N/A,N/A,N/A,N/A,N/A,N/A,N/A,N/A,N/A,N/A,N/A
HK.03888,2021-03-05 16:08:54,52.25,49.2,53.3,47.35,50.7,18114406,918663390.0,1.32,False,2007-10-09,1000,0.05,,N/A,N/A,N/A,N/A,False,,,True,1.0237,120000.0,60.0,11.736,50.714,-27.764,1.016,79.5,18.55865,79.5,-0.27135,52.25,0,0.0,NORMAL,True,1372728717,71725075463.25,28989285045.606,-1688456321.91,-1.23,1372728717,71725075463.25,21.118,0.4,-42.479,2.474,6.183,0.201,0.38,0.1,0.191,False,,,,,,,,,,,,,,,,,,,,,,,False,,,,,,,,,,,,,,,,,,,False,,,,False,,,,False,,,,,,False,,,,,,,N/A,N/A,N/A,N/A,N/A,N/A,N/A,N/A,N/A,N/A,N/A,N/A,N/A,N/A
HK.03968,2021-03-05 16:08:54,61.45,60.8,62.4,59.55,62.4,32998669,2015686950.0,0.719,False,2006-09-22,500,0.05,,N/A,N/A,N/A,N/A,False,,,True,1.0236,120500.0,60.0,4.567,61.083,6.046,1.365,69.45,28.48723,69.45,-0.593412,62.05,0,0.0,NORMAL,True,25219845601,1549759512181.45,714074708346.714,101434219007.222,4.022,4590901172,282110877019.4,28.314,0.141,15.278,2.17,15.389,1.313,2.14,1.313,2.136,False,,,,,,,,,,,,,,,,,,,,,,,False,,,,,,,,,,,,,,,,,,,False,,,,False,,,,False,,,,,,False,,,,,,,N/A,N/A,N/A,N/A,N/A,N/A,N/A,N/A,N/A,N/A,N/A,N/A,N/A,N/A
HK.06060,2021-03-05 16:08:55,49.25,48.2,50.9,47.2,50.6,9461984,463020242.0,0.666,False,2017-09-28,100,0.05,,N/A,N/A,N/A,N/A,False,,,True,1.0326,374700.0,60.0,7.312,48.934,60.485,0.883,78.8,22.75,97.8,16.56,49.5,0,0.0,NORMAL,True,1469812900,72388285325.0,17480484819.7,-496796760.2,-0.338,1419812900,69925785325.0,11.893,-0.003,-145.71,4.141,-1368.055,0.0,0.0,0.0,0.0,False,,,,,,,,,,,,,,,,,,,,,,,False,,,,,,,,,,,,,,,,,,,False,,,,False,,,,False,,,,,,False,,,,,,,N/A,N/A,N/A,N/A,N/A,N/A,N/A,N/A,N/A,N/A,N/A,N/A,N/A,N/A
HK.06098,2021-03-05 16:08:56,57.45,55.0,58.65,53.5,58.0,18920046,1070394399.0,0.641,False,2018-06-19,1000,0.05,,N/A,N/A,N/A,N/A,False,,,True,1.0461,87000.0,60.0,8.879,56.574,5.171,1.228,71.45,23.78287,71.45,8.53627,57.2,0,0.0,NORMAL,True,2951804037,169581141925.65,7228968086.613,1844877523.125,0.625,2951804037,169581141925.65,2.449,0.332,91.92,23.458,70.577,0.155,0.27,0.155,0.269,False,,,,,,,,,,,,,,,,,,,,,,,False,,,,,,,,,,,,,,,,,,,False,,,,False,,,,False,,,,,,False,,,,,,,N/A,N/A,N/A,N/A,N/A,N/A,N/A,N/A,N/A,N/A,N/A,N/A,N/A,N/A
HK.06160,2021-03-05 16:08:56,173.2,169.9,175.9,161.9,178.0,502657,86525482.0,0.042,False,2018-08-08,100,0.1,,N/A,N/A,N/A,N/A,False,,,False,,,,7.865,172.136,51.111,0.601,238.2,72.0,238.2,61.05,172.5,0,0.0,NORMAL,True,1189967248,206102327353.6,33242925040.128,-7356377527.136,-6.182,1189967248,206102327353.59998,27.936,-0.352,-28.016,6.199,-17.576,0.0,0.0,0.0,0.0,False,,,,,,,,,,,,,,,,,,,,,,,False,,,,,,,,,,,,,,,,,,,False,,,,False,,,,False,,,,,,False,,,,,,,N/A,N/A,N/A,N/A,N/A,N/A,N/A,N/A,N/A,N/A,N/A,N/A,N/A,N/A
HK.06169,2021-03-05 16:08:56,6.29,6.44,6.44,6.17,6.42,9844690,62020566.0,0.293,False,2017-02-28,2000,0.01,,N/A,N/A,N/A,N/A,False,,,False,,,,4.206,6.299,20.941,1.134,8.158,4.386,8.158,1.551,6.31,0,0.0,NORMAL,True,3355139983,21103830493.07,4281158618.308,241570078.776,0.072,3355139983,21103830493.07,1.276,0.056,87.361,4.929,87.361,0.174,2.77,0.174,2.766,False,,,,,,,,,,,,,,,,,,,,,,,False,,,,,,,,,,,,,,,,,,,False,,,,False,,,,False,,,,,,False,,,,,,,N/A,N/A,N/A,N/A,N/A,N/A,N/A,N/A,N/A,N/A,N/A,N/A,N/A,N/A
HK.06969,2021-03-05 16:08:56,62.15,59.8,65.0,59.5,61.7,29138164,1829273684.0,0.491,False,2020-07-10,1000,0.05,,N/A,N/A,N/A,N/A,False,,,False,,,,8.914,62.779,46.789,0.999,90.0,25.05,90.0,25.05,62.5,0,0.0,NORMAL,True,5939072720,369113369548.0,1074972162.32,2381568160.72,0.401,5939072720,369113369548.0,0.181,1.331,154.987,343.37,257.883,0.0,0.0,0.0,0.0,False,,,,,,,,,,,,,,,,,,,,,,,False,,,,,,,,,,,,,,,,,,,False,,,,False,,,,False,,,,,,False,,,,,,,N/A,N/A,N/A,N/A,N/A,N/A,N/A,N/A,N/A,N/A,N/A,N/A,N/A,N/A
HK.06993,2021-03-05 16:08:55,14.44,14.5,14.8,14.02,15.2,20021310,287072710.0,0.342,False,2020-12-16,500,0.02,,N/A,N/A,N/A,N/A,False,,,False,,,,5.132,14.338,47.054,1.859,19.16,13.5,19.16,13.5,14.4,0,0.0,NORMAL,True,5859195000,84606775800.0,3081936570.0,1078091880.0,0.184,5859195000,84606775800.0,0.526,0.378,78.478,27.452,72.562,0.0,0.0,0.0,0.0,False,,,,,,,,,,,,,,,,,,,,,,,False,,,,,,,,,,,,,,,,,,,False,,,,False,,,,False,,,,,,False,,,,,,,N/A,N/A,N/A,N/A,N/A,N/A,N/A,N/A,N/A,N/A,N/A,N/A,N/A,N/A
HK.09618,2021-03-05 16:08:56,357.4,348.6,359.0,343.4,362.8,6568329,2316505317.0,0.21,False,2020-06-18,50,0.2,,N/A,N/A,N/A,N/A,False,,,False,,,,4.3,352.678,-69.84,1.089,422.8,226.0,422.8,226.0,357.2,0,0.0,NORMAL,True,3129793833,1118588315914.2,176739457749.51,13323532347.081,4.257,3129793833,1118588315914.2,56.47,0.185,83.955,6.329,34.181,0.0,0.0,0.0,0.0,False,,,,,,,,,,,,,,,,,,,,,,,False,,,,,,,,,,,,,,,,,,,False,,,,False,,,,False,,,,,,False,,,,,,,N/A,N/A,N/A,N/A,N/A,N/A,N/A,N/A,N/A,N/A,N/A,N/A,N/A,N/A
HK.09987,2021-03-05 16:08:56,470.0,465.0,475.6,457.4,470.0,478635,225113231.0,0.114,False,2020-09-10,50,0.2,,N/A,N/A,N/A,N/A,True,40.0,70.0,False,,,,3.872,470.323,-28.196,1.648,505.06982,383.73972,505.06982,383.73972,470.8,0,0.0,NORMAL,True,419106379,196979998130.0,48105868394.378,6077042495.5,14.5,419106379,196979998130.0,114.782,0.126,32.413,4.094,32.413,1.86,0.4,1.86,0.395,False,,,,,,,,,,,,,,,,,,,,,,,False,,,,,,,,,,,,,,,,,,,False,,,,False,,,,False,,,,,,False,,,,,,,N/A,N/A,N/A,N/A,N/A,N/A,N/A,N/A,N/A,N/A,N/A,N/A,N/A,N/A
HK.09988,2021-03-05 16:08:56,227.0,223.8,229.8,221.2,227.2,26560051,6010215072.0,0.122,False,2019-11-26,100,0.2,,N/A,N/A,N/A,N/A,False,,,True,0.9548,1152800.0,60.0,3.785,226.287,-28.689,0.993,309.4,167.6,309.4,167.6,228.0,0,0.0,NORMAL,True,21688948800,4923391377600.0,1124528617382.4,163491296054.4,7.538,21688948800,4923391377600.0,51.848,0.155,30.114,4.378,28.114,0.0,0.0,0.0,0.0,False,,,,,,,,,,,,,,,,,,,,,,,False,,,,,,,,,,,,,,,,,,,False,,,,False,,,,False,,,,,,False,,,,,,,N/A,N/A,N/A,N/A,N/A,N/A,N/A,N/A,N/A,N/A,N/A,N/A,N/A,N/A
HK.09999,2021-03-05 16:08:55,166.9,164.9,168.4,161.5,166.7,5768604,960836080.0,0.167,False,2020-06-11,100,0.1,,N/A,N/A,N/A,N/A,False,,,False,,,,4.139,166.563,47.837,1.065,207.8,124.23725,207.8,124.23725,168.1,0,0.0,NORMAL,True,3455117456,576659103406.4,98705795483.008,14497672845.376,4.196,3455117456,576659103406.4,28.568,0.146,39.775,5.842,39.775,1.12,0.67,0.0,0.0,False,,,,,,,,,,,,,,,,,,,,,,,False,,,,,,,,,,,,,,,,,,,False,,,,False,,,,False,,,,,,False,,,,,,,N/A,N/A,N/A,N/A,N/A,N/A,N/A,N/A,N/A,N/A,N/A,N/A,N/A,N/A
